Item Name, Score, Duration
1, 4296, 1.41055
2, 4263, 1.64452
3, 4318, 2.25437
4, 4263, 1.97224
5, 4302, 1.64704
6, 4269, 1.8218
7, 4249, 1.56369
8, 4261, 2.2759
9, 4265, 1.74076
10, 4280, 2.11917
