Item Name, Score, Duration
1, 4075, 3.62862
2, 4338, 3.13283
3, 4347, 3.32196
4, 4399, 2.97754
5, 4408, 2.4484
6, 4291, 1.48803
7, 4401, 1.96784
8, 4535, 2.16166
9, 4320, 1.85747
10, 4588, 3.5005
