Item Name, Score, Duration
1, 4016, 1.75395
2, 4235, 1.93802
3, 4319, 1.781
4, 4317, 2.51185
5, 4299, 1.17827
6, 4218, 1.32204
7, 4312, 1.67074
8, 4482, 1.5984
9, 4275, 1.50611
10, 4454, 1.92968
