Item Name, Score, Duration
1, 4220, 1.25304
2, 4262, 2.00122
3, 4246, 1.80118
4, 4304, 2.34016
5, 4302, 1.53599
6, 4253, 1.91818
7, 4269, 2.04787
8, 4255, 2.1582
9, 4315, 1.76467
10, 4234, 2.07111
