Item Name, Score, Duration
1, 2345, 2.4875
2, 2416, 2.83943
3, 2238, 2.06115
4, 2272, 2.16941
5, 2329, 1.69308
6, 2254, 2.03857
7, 2224, 2.7478
8, 2295, 2.10522
9, 2385, 1.37356
10, 2162, 3.2447
