Item Name, Score, Duration
1, 2247, 1.15553
2, 2346, 1.791
3, 2230, 1.01907
4, 2255, 1.15115
5, 2274, 0.734841
6, 2252, 1.48706
7, 2270, 1.58542
8, 2254, 0.88424
9, 2331, 0.643499
10, 2183, 1.70707
