Item Name, Score, Duration
1, 4269, 1.38553
2, 4261, 2.0065
3, 4285, 2.32817
4, 4278, 1.52865
5, 4266, 1.83615
6, 4264, 2.09727
7, 4217, 1.68439
8, 4307, 1.58903
9, 4280, 1.16309
10, 4266, 2.16107
