Item Name, Score, Duration
1, 3021, 1.21457
2, 2791, 0.88904
3, 3228, 1.41632
4, 3246, 0.819569
5, 3164, 1.24526
6, 3180, 1.98032
7, 3025, 1.46493
8, 2979, 0.987996
9, 2945, 1.78735
10, 3080, 1.09931
