Item Name, Score, Duration
1, 3099, 2.23233
2, 2922, 2.61267
3, 3286, 2.06892
4, 3274, 2.61096
5, 3118, 1.77455
6, 3193, 3.46864
7, 3064, 2.55919
8, 3082, 1.94401
9, 3004, 3.2702
10, 3134, 2.12508
