Item Name, Score, Duration
1, 3555, 1.56501
2, 3246, 0.822484
3, 3604, 2.63107
4, 3384, 1.94968
5, 3467, 2.18597
6, 3546, 1.0813
7, 3472, 0.818635
8, 3543, 1.64598
9, 3450, 1.35986
10, 3632, 1.57081
