Item Name, Score, Duration
1, 4267, 1.25348
2, 4293, 1.55205
3, 4323, 1.84012
4, 4307, 1.80044
5, 4279, 2.23778
6, 4206, 2.44478
7, 4280, 1.70055
8, 4238, 2.36817
9, 4285, 1.94385
10, 4268, 2.05555
