Item Name, Score, Duration
1, 3606, 3.11877
2, 3430, 2.0946
3, 3573, 2.23821
4, 3505, 3.45425
5, 3530, 2.99411
6, 3704, 1.57418
7, 3533, 2.24602
8, 3602, 2.1445
9, 3513, 2.44352
10, 3685, 3.31267
