Qty, Best Solution, Average Solution, Standard Deviation, Average Time, Average Time SD
10004318, 4276.6, 21.8947, 1.845, 0.298755
5004315, 4266, 31.6157, 1.88916, 0.316244
7004307, 4269.3, 22.8816, 1.77799, 0.372043
8004323, 4274.6, 33.3906, 1.91968, 0.37188
