Qty, Best Solution, Average Solution, Standard Deviation, Average Time, Average Time SD
10004482, 4292.7, 128.812, 1.71901, 0.370913
5002346, 2264.2, 46.7613, 1.21589, 0.407935
7003246, 3065.9, 142.588, 1.29047, 0.37827
8003632, 3489.9, 113.8, 1.56308, 0.583198
