Qty, Best Solution, Average Solution, Standard Deviation, Average Time, Average Time SD
10004588, 4370.2, 139.568, 2.64848, 0.759802
5002416, 2292, 77.8146, 2.27604, 0.559803
7003286, 3117.6, 112.756, 2.46666, 0.55601
8003704, 3568.1, 84.0085, 2.56208, 0.618565
